Community,Region6,Lat,Lon,Chart_source,n_years,Median Ice Area (km2),IQR Ice Area (km2),Relative IQR,mk_tau,mk_p,ts_slope_km2yr,median_spring_melt_frac,sd_spring_melt_frac,median_feb_mar_gain,median_mar_apr_drop,median_melt_rate,median_march_ext,median_may_ext,Archetype,Ice Regime,Basin Depth (m),Frac <20m,Bottomfast Frac,Frac Depth >100m,Mean Depth Ice Extent (m),Coastline Complexity,Mean Freeze Month,Freeze Trend (mo/yr),Freeze Trend p,Mean Oct-Feb Temp (C),Mean Sep SST (C),Mean Sep OHC 0-50m (J/m2),Mean Wind Oct-Feb (m/s),Mean Oct-Nov Drift SIC,Interann. CV,Mean DJF Temp (C),Median Extent Recomputed (km),IQR Extent Recomputed (km),Relative IQR Extent,n_years_extent_recomputed,Solidity,Coastline Complexity v2,Coastline Category,Coastline Complexity v3,n_points_sampled,Feature Type,Mean Depth Under Ice (m),Frac <20m Under Ice,Frac <2m Under Ice,Frac >100m Under Ice,n_years_ice_mask,ice_mask_area_km2
Gambell,Alaska & Bering Sea,63.78,-171.73,NIC,8,126.6,87.8,0.69,0.3571428571428571,0.2750992063492063,14.795833333333333,,,,,,,0.0,A,C4 — Transitional,65.0,0.0814,0.0368,0.2515550676911818,43.9,,11.75,-0.0476,0.5472,-6.030993652343727,7.478509895503521,3.399545194387382,5.172929769280314,0.0012851291232638,0.0,-10.815135701497374,22.21,2.38,0.1072,8,0.8924624069199236,0.1075375930800763,Concave,0.3194,14,Bay,6.5,0.872,0.468,0.0,8,170.1
Golovin,Alaska & Bering Sea,64.55,-163.02,NIC,8,413.6,49.7,0.12,0.0714285714285714,0.9048611111111112,2.048809523809522,1.0,0.0,5.394,5.394,2.697,5.394,0.0,A,C2 — Keel-grounding,30.0,0.6491,0.0817,0.0,10.3,1.83,11.0,0.0,1.0,-8.676522827148414,10.81838435959071,11.26879774183887,3.532229278924466,0.1402187347412109,0.2417220151277952,-12.819855117797829,17.79,0.86,0.0482,8,0.6263227780316833,0.3736772219683166,Complex,0.2748,15,Mixed,8.8,0.998,0.062,0.0,8,617.6
Kivalina,Alaska & Bering Sea,67.73,-164.54,NIC,8,208.4,181.0,0.87,0.5714285714285714,0.0610119047619047,33.905,-1.953992523339992e-15,0.1405702758049084,0.0030569233631387,-0.0616852425289282,-4.884981308350689e-15,5.004247860808193,5.244316968722528,A,C2 — Keel-grounding,43.0,0.2155,0.0866,0.0,9.6,2.588,11.0,0.0,1.0,-11.66328497992619,8.19394513964653,8.172905424390274,3.747812508814401,0.0708160400390625,0.6773570542290225,-15.008657201131165,13.59,3.42,0.2515,8,0.9608274381335254,0.0391725618664745,Convex,0.1819,14,Bay,6.8,1.0,0.179,0.0,8,326.8
Kotzebue,Alaska & Bering Sea,66.9,-162.6,NIC,8,996.0,413.3,0.41,-0.0363696483726653,0.9007802600472398,-0.7799999999999955,-0.3354475098496568,0.7967611669339851,0.6523635185533654,-6.21108621042791,-2.284131209555654,12.705147366106328,24.00571636723098,A,C1 — Bottomfast-dominated,25.9,0.9344,0.122,0.0,9.4,1.672,10.88,-0.0119,0.8461,-11.32352803548175,8.881466120481491,5.023346311474647,3.748655498999444,0.3061540391710069,0.4771345995197287,-15.77135251363116,18.98,2.23,0.1172,8,0.6658616297028658,0.3341383702971342,Complex,0.36,26,Complex,6.2,1.0,0.115,0.0,8,1248.6
Nome,Alaska & Bering Sea,64.5,-165.41,NIC,8,135.4,59.1,0.44,-0.1428571428571428,0.7195436507936508,-8.240000000000002,,,,,,,0.0,A,C2 — Keel-grounding,37.6,0.341,0.0044,0.002080378250591,9.2,,11.0,0.0,1.0,-8.337503729926192,9.49102248251438,8.051538739466844,2.942907571101277,0.0255584716796875,0.0,-12.652049128214497,15.59,0.63,0.0404,8,0.8407485029111331,0.1592514970888668,Concave,0.0876,14,Peninsula,13.6,0.944,0.056,0.0,8,214.9
Point Hope,Alaska & Bering Sea,68.35,-166.8,NIC,7,236.9,322.5,1.36,-0.1428571428571428,0.7726190476190476,-24.800000000000004,0.0166417404064798,0.3103222218938236,0.6104109694676105,0.3367900000000001,0.0471903011405991,5.610537469467611,5.50916815648033,A,C2 — Keel-grounding,70.4,0.1721,0.0633,0.0,10.0,1.31,11.0,0.0,1.0,-10.42541961669922,8.229010907001793,3.232932080870031,3.750998825392885,0.0398273468017578,0.8544718571058988,-15.93565979003904,13.19,2.29,0.1736,7,0.901585900332297,0.0984140996677029,Convex,0.415,15,Complex,8.8,1.0,0.103,0.0,7,356.9
Savoonga,Alaska & Bering Sea,63.69,-170.48,NIC,8,87.3,130.8,1.5,0.0714285714285714,0.9048611111111112,3.6333333333333337,0.0,0.0,0.0,0.0,0.0,0.637090917840045,0.637090917840045,A,C2 — Keel-grounding,54.5,0.219,0.015,0.0,6.3,71.577,11.38,-0.1548,0.0388,-7.106905110677061,7.9527268409729,6.764972139364576,3.859510754167721,0.0029,0.0,-11.49840393066404,20.45,10.05,0.4913,8,0.7138022442129915,0.2861977557870084,Complex,0.2182,15,Bay,3.4,1.0,0.33,0.0,8,122.5
Shaktoolik,Alaska & Bering Sea,64.35,-161.22,NIC,8,285.0,181.6,0.64,-0.0714285714285714,0.9048611111111112,-2.8738095238095247,0.4074588296859471,0.4744820007824332,2.020024529051328,-0.0002195077473077,1.010012264525664,5.000000000000107,0.0,A,C2 — Keel-grounding,22.0,0.9608,0.0466,0.0,10.2,1.381,10.88,-0.0119,0.8461,-9.471255874633789,10.5127720059827,10.66677406551031,2.799630272887763,0.3852138519287109,0.3174176210169534,-12.942576471964497,16.21,1.05,0.0648,8,0.7492661469766363,0.2507338530233637,Complex,0.2498,15,Mixed,5.9,1.0,0.104,0.0,8,462.7
Shishmaref,Alaska & Bering Sea,66.26,-166.06,NIC,8,638.5,180.9,0.28,0.2142857142857142,0.5484126984126985,19.74285714285714,-0.0908914632976975,0.1407230414164675,0.0,0.0,-0.2277468705596554,5.011402674808242,5.466896578523432,A,C1 — Bottomfast-dominated,32.0,0.8189,0.4789,0.0,6.1,4.068,11.0,0.0,1.0,-9.408380466037304,8.499048851430416,4.261684980414199,2.944064431300568,0.0389912923177083,0.3765559881658218,-14.038523737589497,19.79,0.57,0.0291,8,0.7783836994647328,0.2216163005352671,Concave,0.4089,34,Complex,3.2,1.0,0.373,0.0,8,794.4
Teller,Alaska & Bering Sea,65.27,-166.36,NIC,8,588.2,20.2,0.03,0.2857142857142857,0.3987599206349206,0.6233333333333424,1.0,0.0,149.6,149.6,74.8,149.6,0.0,B,C2 — Keel-grounding,28.9,0.9422,0.0421,0.0,10.3,1.086,10.75,-0.0476,0.5472,-12.14692314995657,9.54649495985359,6.093116273729796,2.025630462222431,0.0169811248779296,0.3778733777611029,-16.678580983479797,17.27,0.5,0.0289,8,0.6636891172551692,0.3363108827448308,Complex,0.4349,15,Complex,8.7,1.0,0.096,0.0,8,661.4
Uelen,Alaska & Bering Sea,66.16,-169.8,NIC,8,352.2,239.3,0.68,0.2857142857142857,0.3987599206349206,44.60833333333333,0.0,0.197721443941616,-1.0123920000000002,-0.1041637750309334,0.0,5.081301948265376,5.027920753434787,A,C4 — Transitional,104.4,0.087,0.1785,0.0,12.7,0.46,11.25,-0.0714,0.3559,-9.149378967285156,5.16611226182431,0.8188948148840061,3.835563131909471,0.0444145202636718,0.328111656495842,-14.22089805603025,15.66,1.84,0.1177,8,0.7479741090223203,0.2520258909776797,Complex,0.4577,15,Complex,16.2,0.613,0.132,0.0,8,514.8
Unalakleet,Alaska & Bering Sea,63.88,-160.8,NIC,8,11.2,59.5,5.3147,-0.2,0.7194444444444444,-22.4,1.0,0.0202016638452686,2.7758873590743662,0.1068023830552906,2.5014177764717576,5.002835552943515,0.0,B,C2 — Keel-grounding,22.0,0.9863,0.0052,0.0,10.6,2.819,10.88,-0.0119,0.8461,-10.58802456325953,10.37418745458126,10.99598925745761,2.058192498893067,0.3084,1.839476013737039,-13.11485837300616,3.02,4.4,1.457,8,0.9869574250319968,0.013042574968003,Convex,0.1462,15,Peninsula,6.6,1.0,0.057,0.0,6,83.9
Wales,Alaska & Bering Sea,65.61,-168.08,NIC,8,412.2,233.2,0.57,0.3571428571428571,0.2750992063492063,42.31785714285715,-0.0166588711137629,0.2932397839393333,0.0,-4.220721575532645,-0.2281006944859545,8.959429277525416,11.209289638762698,A,C2 — Keel-grounding,82.7,0.1903,0.1633,0.0170973382552943,11.3,2.999,11.38,-0.1548,0.0388,-7.94379713270397,6.674530282616615,5.672585825279121,4.217820253304028,0.015775892469618,0.6253,-12.891632461547829,18.52,1.35,0.0726,8,0.7768974922423086,0.2231025077576913,Concave,0.3618,21,Complex,9.5,0.935,0.26,0.0,8,574.0
Arctic Bay,Baffin & Davis Strait,73.03,-85.17,CIS/EA,8,1195.5,0.0,0.0,-0.3571428571428571,0.2752335240748342,0.0,0.0,5.449254308006139e-10,0.0,0.0,0.0,45.87795428588642,45.87795428588642,B,C3 — Geometric anchoring,747.6,0.0232,0.006,0.8937084798749512,339.2,1.29,9.62,0.131,0.1012,-23.42878011067706,1.507868707180023,0.7724433533434557,1.285488156741158,0.5275,7.734311088992942e-09,-30.942903264363583,18.86,0.0,0.0,8,0.4765692168763184,0.5234307831236815,Complex,0.3042,15,Peninsula,364.0,0.029,0.001,0.874,8,1353.8
Clyde River,Baffin & Davis Strait,70.47,-68.59,CIS/EA,8,1201.5,138.1,0.11,-0.5714285714285714,0.0610119047619047,-33.991666666666674,-0.0281944129827668,0.1629095925440118,2.644603559624404,-2.039809650986172,-0.5080099267196232,38.68107086721568,38.79410062280432,B,C3 — Geometric anchoring,478.2,0.0562,0.0345,0.5738940686371752,159.6,1.175,9.88,-0.0119,0.8461,-19.91446990966797,2.308938888832927,2.087310361477202,2.734800875830447,0.3238449096679688,0.277198959872005,-25.89814414978025,25.4,0.23,0.0089,8,0.5536723087932766,0.4463276912067234,Complex,0.4429,16,Complex,179.8,0.074,0.006,0.648,8,1311.5
Grise Fiord,Baffin & Davis Strait,76.42,-82.9,CIS/EA,8,1450.3,337.8,0.23,0.181848241863327,0.5330356744917513,1.4375,-0.0047228825808442,0.1749804312238889,0.1080282959326801,0.0,-0.085064719955195,39.33017504440859,40.54416570154484,A,C3 — Geometric anchoring,843.5,0.0627,0.0156,0.8143396226415094,350.4,2.033,9.25,0.0476,0.5472,-24.57387491861977,0.9605701044201852,0.9856211340942757,1.993875189719075,0.6286,0.3235426515864682,-29.42980105082192,25.52,0.33,0.0128,8,0.6121653674144335,0.3878346325855665,Complex,0.3244,14,Bay,417.5,0.104,0.037,0.839,8,1583.2
Igloolik,Baffin & Davis Strait,69.38,-81.8,CIS/EA,8,1300.7,388.0,0.3,0.2142857142857142,0.5484126984126985,45.19166666666665,-0.0043224050683982,0.2048375856002438,0.7057158606789713,0.0,-0.0198608271436944,12.46413676486365,10.557478655970694,B,C2 — Keel-grounding,165.2,0.1859,0.0507,0.0,35.1,1.829,10.25,0.0952,0.2029,-19.28509652273996,0.8240913301706314,0.1128726576136832,2.532334285720515,0.3537864685058594,0.2039508656996444,-25.79706993103025,22.91,1.46,0.0639,8,0.8237903946377275,0.1762096053622724,Concave,0.3417,24,Bay,44.8,0.358,0.041,0.141,8,1659.1
Pangnirtung,Baffin & Davis Strait,66.13,-65.7,CIS/EA,8,744.3,26.5,0.04,-0.5361109642475096,0.0814399620230314,-0.6000000000000512,0.0906110883737899,0.3246568698311256,1.139453032134826,1.193652034477111,0.9747155532634936,31.079001577395868,23.70220527779909,C,C3 — Geometric anchoring,1051.0,0.1214,0.0103,0.5187406296851574,295.6,3.154,10.12,0.0119,0.8461,-18.19692314995658,3.728720985352993,2.06464130483807,1.420701507667196,0.1402,0.1935748064480499,-23.950715764363583,22.06,0.04,0.0016,8,0.3728768866745535,0.6271231133254465,Complex,0.2691,15,Peninsula,123.4,0.113,0.008,0.508,8,851.7
Pond Inlet,Baffin & Davis Strait,72.7,-77.96,CIS/EA,8,1228.9,233.6,0.19,-0.4717281765248632,0.1389824602931855,0.0,0.0,0.0067791093340063,0.0,0.0,0.0,58.89258755143787,58.89258755143787,B,C3 — Geometric anchoring,1058.0,0.0167,0.0046,0.9481327800829876,504.1,1.158,9.5,0.1429,0.0781,-23.58844375610352,1.048493930138648,0.1899921982556769,1.006475605433164,0.4783649444580078,0.3687295130977649,-29.669303003946915,23.87,0.67,0.0283,8,0.7630031839839037,0.2369968160160963,Concave,0.1247,24,Bay,530.6,0.017,0.003,0.906,8,1304.7
Qaanaaq,Baffin & Davis Strait,77.47,-69.23,CIS/EA,8,1445.5,53.8,0.04,-0.1133893419027681,0.7024400589591435,-2.950000000000045,-0.0426657307207462,0.6694406776261053,-1.666154374053856,3.114858848590533,-0.404922717695082,18.981168743345627,19.10166706908852,B,C3 — Geometric anchoring,953.6,0.0486,0.007,0.8508108108108108,412.5,1.311,9.38,0.0833,0.3336,-16.25773239135742,1.261268978007138,1.099363529094782,0.9778663940289012,0.3810272216796875,0.1488224641871553,-19.940952046712216,24.16,0.14,0.0056,8,0.6261593395449996,0.3738406604550004,Complex,0.3774,24,Complex,516.6,0.046,0.005,0.814,8,1607.8
Qikiqtarjuaq,Baffin & Davis Strait,67.55,-64.03,CIS/EA,8,1334.5,476.8,0.36,-0.2142857142857142,0.5484126984126985,-4.559999999999991,-0.194121445253571,2.176250860397269,-1.3039599446397547,-4.709981652073544,-2.413548681763573,23.89171172000158,30.33769146567672,B,C3 — Geometric anchoring,692.1,0.0324,0.016,0.6470864661654135,242.7,2.266,10.38,0.0595,0.4991,-14.71183471679688,2.950193809345365,1.271349836177071,1.976964022728435,0.1842403411865234,0.3401970609663843,-22.76801783243813,25.78,2.32,0.0902,8,0.5646033421009833,0.4353966578990167,Complex,0.4473,26,Complex,236.4,0.045,0.008,0.657,8,1451.6
Sanirajak,Baffin & Davis Strait,68.79,-81.24,CIS/EA,8,382.8,32.7,0.09,0.1428571428571428,0.7195436507936508,4.2416666666666645,-0.0087115536124114,0.0994370797671883,0.0227559927792428,0.0,-0.0227559927792428,5.224324797088371,5.269836782646856,A,C4 — Transitional,93.8,0.1322,0.0462,0.0,35.9,0.874,10.25,0.0952,0.2029,-18.26095428466797,1.6700644120574,0.7463291978956174,2.926942007506259,0.2999553680419922,0.114073852963741,-24.529654566446915,20.49,0.78,0.0383,8,0.7538497504311191,0.2461502495688808,Concave,0.2914,15,Bay,25.1,0.499,0.105,0.0,8,460.7
Upernavik,Baffin & Davis Strait,72.79,-56.15,CIS/EA,8,921.5,393.1,0.43,0.4285714285714285,0.1788690476190476,87.85,1.0,0.0,-0.1722550917322607,13.653592166446089,7.7673792312664975,15.534758462532997,0.0,D,C3 — Geometric anchoring,989.6,0.0734,0.0912,0.8684386164657846,430.5,14.002,10.25,0.0476,0.5472,-12.4918016221788,3.993621647357941,2.996215048579244,1.261482823622497,0.0025,0.8699,-16.96951522827146,24.2,1.78,0.0735,8,0.858820522421813,0.141179477578187,Concave,0.381,25,Complex,267.5,0.203,0.121,0.564,8,1121.9
Akulivik,Hudson Bay,60.82,-78.19,CIS/HB,8,976.2,199.7,0.2,-0.2142857142857142,0.5484126984126985,-24.52500000000001,0.1870522602814999,0.2498523573704194,0.6375190473535177,0.6375190473535177,0.7067897698604906,8.861060316225348,7.034144913172842,B,C2 — Keel-grounding,148.2,0.1564,0.1153,0.0,12.2,2.829,10.88,0.0595,0.31,-12.62599182128906,7.767021710984409,5.008967329236963,1.108838968671552,0.0119266510009765,0.2981824791914894,-20.282666905721005,18.61,0.43,0.0234,8,0.7665054720327128,0.2334945279672872,Concave,0.3135,37,Bay,27.6,0.46,0.066,0.0,8,1136.3
Arviat,Hudson Bay,61.11,-94.07,CIS/HB,8,598.0,102.4,0.17,-0.3571428571428571,0.2750992063492063,-18.9225,0.0813391897535344,0.1480644216018552,0.4866092170158973,0.0286198304631608,0.3882120297103202,9.489420979721409,8.53862312024459,A,C1 — Bottomfast-dominated,98.0,0.2929,0.4051,0.0,7.8,1.477,10.62,0.1548,0.0388,-16.67615792410714,6.998504606075585,1.936298644193045,3.751552700061425,0.1217994689941406,0.1062506579667548,-24.21764284769692,13.64,0.82,0.0601,8,0.8170217195415752,0.1829782804584248,Concave,0.2482,15,Mixed,11.4,0.826,0.111,0.0,8,683.4
Aupaluk,Hudson Bay,59.3,-69.6,CIS/HB,8,377.1,34.8,0.09,-0.1428571428571428,0.7195436507936508,-2.495000000000002,0.1084629589168528,0.3261473484279592,0.4869499999999984,0.0148999999999981,1.0332,17.2513,16.100450000000002,B,C2 — Keel-grounding,132.5,0.5105,0.4106,0.4895,74.9,11.943,10.88,0.0595,0.31,-12.17765231662324,5.121992669999599,3.29603008709929,3.265334663794494,0.0063,0.0858542367625483,-18.17752304077146,19.64,0.06,0.0029,8,0.6401691307478982,0.3598308692521018,Complex,0.3822,17,Complex,6.5,0.908,0.694,0.004,8,485.2
Chesterfield Inlet,Hudson Bay,63.33,-90.73,CIS/HB,8,892.1,72.5,0.08,-0.1428571428571428,0.7195436507936508,-5.064285714285715,0.0,0.0115219353416784,0.3146383834319861,0.0,0.0,16.35687068914037,16.432996854804585,C,C2 — Keel-grounding,118.2,0.2466,0.0651,0.0010235414534288,46.4,4.477,10.62,0.1548,0.0388,-18.46148158482143,6.387005232274532,5.615358320207926,3.172149855618812,0.1425552368164062,0.0487930629004872,-26.292756779988583,20.22,0.37,0.0183,8,0.7769328407563785,0.2230671592436215,Concave,0.3586,31,Complex,25.6,0.53,0.068,0.001,8,1054.5
Churchill,Hudson Bay,58.77,-94.17,CIS/HB,8,642.7,40.5,0.06,-0.2142857142857142,0.5484126984126985,-15.2525,0.1086954926154927,0.2067340748737256,0.7459220274417127,0.5216100082318436,0.4643780856691584,8.18030637877304,6.855993576299055,B,C1 — Bottomfast-dominated,67.0,0.4653,0.2288,0.0,10.9,1.415,11.0,0.0,1.0,-13.91421595982143,8.537003704346716,7.157904969892645,3.779038701860276,0.2042312622070312,0.0979540746950753,-21.60517539978025,16.34,0.18,0.011,8,0.7327139940787203,0.2672860059212797,Complex,0.3083,30,Bay,5.9,1.0,0.313,0.0,8,722.5
Coral Harbour,Hudson Bay,64.14,-83.16,CIS/HB,8,746.6,2.1,0.0,-0.6813851438692469,0.0325827983856127,0.0,0.0239033233045965,0.247574413876095,5.716074023872496,0.3407081668644753,0.3804498612585503,30.87562264145664,30.5340901026137,B,C2 — Keel-grounding,69.0,0.3162,0.1214,0.0,35.8,0.989,10.5,0.119,0.1619,-16.06829005650112,5.724326318129897,4.97780188540836,3.093116328309247,0.1905689239501953,0.2142640296598737,-23.46927108764646,23.06,0.01,0.0005,8,0.7305632087335421,0.2694367912664579,Complex,0.332,15,Mixed,18.5,0.582,0.062,0.0,8,823.8
Inukjuak,Hudson Bay,58.45,-78.11,CIS/HB,8,407.0,138.7,0.34,0.2142857142857142,0.5484126984126985,13.837500000000002,0.0499330429758865,0.3281908060766119,0.3036472073805951,0.0751329116386445,0.3157652998930276,12.08133324689384,11.960822086190664,C,C3 — Geometric anchoring,141.7,0.1249,0.0382,0.0,42.5,3.81,11.0,0.1429,0.0781,-11.56890476771764,8.364604644477367,1.397994624624523,1.423206087383658,0.0,0.9969083965556818,-19.03746833801268,20.42,0.44,0.0215,8,0.8481825214415585,0.1518174785584415,Concave,0.3565,30,Complex,17.4,0.65,0.303,0.0,8,516.0
Iqaluit,Hudson Bay,63.75,-68.52,CIS/HB,8,698.7,0.4,0.0,0.576556660197055,0.070546000456866,0.0,0.4071936708799685,0.2534998370273238,-0.0724331861428524,21.275149036949184,12.97970699356383,63.74253008767514,36.16244256848812,C,C2 — Keel-grounding,343.5,0.1939,0.0659,0.3217640918580375,85.7,1.205,10.38,0.0595,0.4991,-14.31749640570744,5.485274833627045,0.7519197572903706,1.06520349629087,0.0582809448242187,0.0432020735821266,-22.8797528584798,19.92,0.07,0.0036,8,0.8146655969440276,0.1853344030559723,Concave,0.3151,15,Peninsula,63.3,0.243,0.049,0.243,8,772.4
Ivujivik,Hudson Bay,62.42,-77.91,CIS/HB,8,324.3,131.2,0.4,0.4285714285714285,0.1788690476190476,32.41166666666668,0.9543331800209488,0.1177573885825635,-0.6393532217626188,11.762581131017756,6.792371228661746,14.250631997103554,0.6548714412715761,A,C3 — Geometric anchoring,525.8,0.0407,0.0,0.6875,193.4,4.351,10.88,0.0595,0.31,-13.07956237792967,6.692108944058418,1.895292651994596,1.944706328090739,0.0202178955078125,0.3013283533963182,-20.04552497863768,15.53,1.49,0.0963,8,0.7709840933330793,0.2290159066669207,Concave,0.3026,32,Bay,147.8,0.23,0.036,0.525,8,454.2
Kangiqsualujjuaq,Hudson Bay,58.71,-65.94,CIS/HB,8,311.2,64.6,0.21,-0.2857142857142857,0.3987599206349206,-9.800000000000011,0.0001931811841564,0.3674638367774024,-0.3657499999999984,0.2712000000000003,0.0032750000000003,34.38345,34.11255,C,C2 — Keel-grounding,111.0,0.5882,0.8284,0.332,50.5,5.592,10.88,0.0595,0.31,-10.72565511067706,4.731437131762505,4.05742801945481,2.737303495168434,0.01239013671875,0.0338883501730584,-17.655060831705704,16.34,0.21,0.0132,8,0.4264020090245651,0.573597990975435,Complex,0.2924,15,Mixed,3.4,0.946,0.82,0.0,8,437.1
Kangiqsujuaq,Hudson Bay,61.59,-71.83,CIS/HB,8,508.2,115.0,0.23,-0.0714285714285714,0.9048611111111112,-5.483333333333334,,,,,,,0.0,B,C2 — Keel-grounding,280.1,0.1849,0.1437,0.8150999999999999,122.9,,10.62,0.1548,0.0388,-13.33247002495657,5.381847605109215,4.872042482633926,2.890705307545563,0.0134,0.0,-21.35631599426268,17.9,0.81,0.0453,8,0.6026470052851889,0.3973529947148111,Complex,0.4165,15,Complex,15.4,0.777,0.233,0.014,8,645.1
Kangirsuk,Hudson Bay,60.02,-70.02,CIS/HB,8,304.1,19.4,0.06,0.2142857142857142,0.5484126984126985,3.299999999999997,0.1147636087559665,0.3360454435280255,0.2427499999999991,0.3946000000000005,1.462674999999999,24.95555,22.49065,B,C2 — Keel-grounding,121.1,0.3242,0.113,0.6758,103.8,5.14,10.88,0.0595,0.31,-13.724223836263,5.113773018121719,1.066467969991024,3.022345277589693,0.0055,0.032777395124731,-20.48147875467934,19.58,0.82,0.0416,8,0.3243140941021468,0.6756859058978532,Complex,0.2639,15,Mixed,14.3,0.77,0.246,0.0,8,409.4
Kimmirut,Hudson Bay,62.85,-69.87,CIS/HB,8,548.6,304.5,0.55,-0.181848241863327,0.5330356744917513,-24.92499999999999,0.1763966702958903,0.2137240900917301,0.5279379639526249,0.5279379639526249,1.111406033564721,13.656598988190556,10.25128881739759,C,C1 — Bottomfast-dominated,323.1,0.2022,0.6,0.0,13.4,4.767,10.38,0.0595,0.4991,-15.57124851771763,3.328959030099213,2.31680263803174,1.143252555759291,0.017425537109375,0.4341903188318453,-21.724399312337216,19.21,0.89,0.0463,8,0.6925044811484131,0.3074955188515869,Complex,0.3481,15,Peninsula,54.1,0.261,0.072,0.106,8,805.9
Kinngait,Hudson Bay,64.23,-76.54,CIS/HB,8,361.7,51.2,0.14,-0.2142857142857142,0.5484126984126985,-6.075000000000003,0.5554685502887206,0.1877819852177025,0.3506127289634069,1.2754629734545593,2.8662143707722048,10.435044486402717,4.614405465929121,C,C3 — Geometric anchoring,439.3,0.0806,0.0293,0.0760598503740648,24.6,11.5,10.88,0.0595,0.31,-12.93880716959633,2.989115081727505,1.821612108110302,2.276497263354729,0.0067477756076388,0.0683,-17.909862263997372,12.66,0.48,0.0383,8,0.8445285531421721,0.1554714468578278,Concave,0.3441,25,Peninsula,19.3,0.661,0.168,0.002,8,491.8
Kuujjuaq,Hudson Bay,58.1,-68.42,CIS/HB,7,43.3,29.4,0.68,-0.7237468644557459,0.0365020732999251,-9.783333333333331,0.2372645984195609,0.3953442365409233,0.4088999999999991,-0.0002499999999976,5.645975000000002,45.7669,22.59255,B,C1 — Bottomfast-dominated,43.8,0.9776,0.6029,0.0223999999999999,8.1,3.111,10.88,0.0595,0.31,-12.0535203721788,4.780673660337925,4.765658103749569,2.150520301812227,0.0115,0.4151401574639423,-18.53437525431313,22.54,4.16,0.1843,7,0.224828641931884,0.7751713580681159,Complex,0.1491,15,Bay,1.0,1.0,1.0,0.0,7,53.9
Kuujjuaraapik,Hudson Bay,55.28,-77.77,CIS/HB,8,882.5,675.5,0.77,-0.241746889207614,0.4254200204693485,-13.7875,0.0362405804178959,0.3698046044538666,1.9866230795725697,-0.2771813627064503,0.3412026561818457,33.573918234024546,57.75743704764848,A,C3 — Geometric anchoring,194.9,0.0569,0.0272,0.0,51.9,1.108,11.5,0.1905,0.0047,-8.555510602678572,8.81945250928402,5.665797565731969,2.624149701741961,0.0122718811035156,0.6379694714789869,-16.133576456705708,21.71,9.4,0.433,8,0.944661012075942,0.055338987924058,Convex,0.1949,19,Peninsula,79.3,0.083,0.033,0.336,8,1182.3
Puvirnituq,Hudson Bay,60.03,-77.29,CIS/HB,8,810.5,0.0,0.0,,,0.0,0.0948184285345681,0.2158318290432554,2.725165053749402,1.4401677981593934,1.5917507393766508,33.551831348283216,30.71077934220974,C,C2 — Keel-grounding,62.4,0.4172,0.1778,0.0,19.5,2.686,10.88,0.0595,0.31,-12.86187308175223,8.143040265887976,3.041303409256849,1.306029183977423,0.010711669921875,0.1961393909755787,-20.4449384053548,18.13,0.0,0.0,8,0.7043964817668209,0.2956035182331791,Complex,0.2179,21,Peninsula,12.6,0.786,0.114,0.0,8,897.4
Quaqtaq,Hudson Bay,61.05,-69.64,CIS/HB,8,728.1,173.8,0.24,0.0,1.0,-3.441666666666681,0.0,0.0,0.0,0.0,0.0,0.3464308517005655,0.3464308517005655,A,C3 — Geometric anchoring,390.6,0.076,0.0287,0.0,36.9,283.72,11.12,0.0833,0.134,-10.35973281860351,5.201727362349629,4.194168452178744,2.907742938734452,0.0039710998535156,0.0,-16.41441955566404,19.7,0.2,0.0099,8,0.8004518211844669,0.1995481788155331,Concave,0.4094,23,Complex,52.3,0.405,0.125,0.182,8,833.4
Rankin Inlet,Hudson Bay,62.81,-92.08,CIS/HB,8,775.7,43.9,0.06,-0.4285714285714285,0.1788690476190476,-7.489285714285714,-0.0545812009345312,0.0972550336781082,3.4519425775868804,-0.6165836744532047,-0.6061764838858545,22.71413666497798,24.74770909576773,C,C2 — Keel-grounding,58.5,0.6257,0.0823,0.0,34.6,3.141,10.38,0.1548,0.0388,-20.50255257742745,7.00372327119112,3.424385749050014,3.195781893119812,0.1677227020263672,0.0611879935605187,-28.287711207071915,16.17,0.07,0.0046,8,0.653087046255839,0.346912953744161,Complex,0.4038,15,Complex,17.4,0.615,0.134,0.0,8,851.2
Salluit,Hudson Bay,62.2,-75.64,CIS/HB,8,91.2,14.5,0.16,-0.2142857142857142,0.5484126984126985,-1.0208333333333337,0.1862231333914908,0.1522962616652981,0.2156157739014141,0.0289683591344931,0.4764796114533793,5.357815368868435,4.282714497677944,A,C3 — Geometric anchoring,344.7,0.0488,0.0533,0.1,59.7,2.025,10.38,0.0595,0.4991,-16.36996372767857,5.96475113555789,4.30740104170178,2.191397216530541,0.0197830200195312,0.1305429856919084,-23.459260686238583,11.82,1.16,0.0981,8,0.6240559289937588,0.3759440710062411,Complex,0.3413,15,Peninsula,34.8,0.522,0.181,0.071,8,151.9
Sanikiluaq,Hudson Bay,56.54,-79.25,CIS/HB,8,1712.8,286.4,0.17,-0.2545875386086577,0.3828101436598959,-36.14166666666669,1.0,0.0,314.2,314.2,157.1,314.2,0.0,B,C2 — Keel-grounding,117.7,0.2698,0.1034,0.0,42.1,3.622,11.38,0.1548,0.0388,-9.651132880316815,8.776879188604653,3.928466811957275,2.645000621094281,0.0,0.2284295159184915,-16.61665000915525,24.66,0.49,0.0201,8,0.735482826727734,0.264517173272266,Complex,0.4544,31,Complex,26.2,0.398,0.117,0.0,8,1868.8
Tasiujaq,Hudson Bay,58.7,-69.96,CIS/HB,8,419.5,6.1,0.01,-0.0714285714285714,0.9048611111111112,-0.4750000000000045,0.0020471605125483,0.3475001183593766,0.0183499999999998,0.0,0.0189000000000003,18.4646,18.4268,C,C2 — Keel-grounding,111.2,0.5595,0.2387,0.4405,69.8,8.473,10.88,0.0595,0.31,-13.10299987792967,4.773756131529808,4.457878153804483,2.307498038485906,0.0063,0.0010619454151285,-19.5486981709798,15.74,0.51,0.0322,8,0.5284810915883478,0.4715189084116522,Complex,0.3476,15,Mixed,23.9,0.562,0.324,0.005,8,497.7
Umiujaq,Hudson Bay,56.54,-76.55,CIS/HB,8,763.0,632.4,0.83,0.0714285714285714,0.9048611111111112,45.27,0.5464717120588216,0.3046239824391211,6.585360475459356,5.063215044861665,6.69392961677846,23.00368991457145,13.27419839129166,A,C3 — Geometric anchoring,163.6,0.1435,0.0187,0.1232876712328767,63.2,0.866,11.25,0.0952,0.2029,-9.621358816964284,8.695211657322943,5.89334869652062,2.019637669986577,0.000152587890625,0.5068767168552528,-16.721141560872375,21.7,4.13,0.1905,8,0.9478118346255512,0.0521881653744488,Convex,0.2241,32,Bay,74.8,0.075,0.01,0.177,8,958.1
Whale Cove,Hudson Bay,62.24,-92.6,CIS/HB,8,1431.6,45.4,0.03,-0.4285714285714285,0.1788690476190476,-12.433333333333357,-0.0096616583531367,0.0673098537198934,2.363635488487269,-0.3045275791660344,-0.1508473378364954,30.24933653887917,31.24941445842333,C,C1 — Bottomfast-dominated,93.1,0.3827,0.315,0.0,34.4,4.972,10.75,0.1429,0.03,-16.07320033482143,7.210913431830704,1.940447989672417,3.421768964088637,0.1680679321289062,0.0561114857111076,-23.608756128946915,22.18,0.3,0.0138,8,0.7658632043451145,0.2341367956548855,Concave,0.388,32,Complex,16.8,0.678,0.241,0.0,8,1626.6
Hopedale,Labrador,55.46,-60.22,NIC,8,1501.7,34.8,0.02,0.0714285714285714,0.9048611111111112,8.066666666666663,0.0457647698206608,0.4056860125140379,0.8035496477887794,-1.5106324719393314,0.8990899480891876,37.545471276080825,37.402185890869305,D,C2 — Keel-grounding,574.9,0.2778,0.034,0.6360019355879348,186.5,15.613,11.38,0.0595,0.4991,-7.152867635091123,10.30981374531984,1.651225137150066,3.667101111996683,0.0,0.0853,-11.489612960815409,22.69,0.18,0.0082,8,0.7381076072138636,0.2618923927861364,Complex,0.355,15,Complex,33.4,0.463,0.041,0.056,8,1699.0
Makkovik,Labrador,55.1,-59.19,NIC,8,1035.8,193.2,0.19,0.1428571428571428,0.7195436507936508,11.51666666666668,0.5303664726009655,0.3603665931306168,2.9291801371423656,-2.2000506489252043,2.384019985503609,16.43761749837602,5.533529153320844,C,C2 — Keel-grounding,904.2,0.1594,0.0103,0.0223390275952693,53.0,4.483,11.25,0.0952,0.2029,-6.550161361694336,7.941709659062326,4.505166991088052,3.068708124872334,0.0,0.2596590412549153,-11.48188184102374,17.68,0.85,0.0482,8,0.622289893762804,0.377710106237196,Complex,0.3244,15,Bay,35.9,0.379,0.018,0.019,8,1220.7
Nain,Labrador,56.54,-61.69,NIC,8,1135.0,0.0,0.0,,,0.0,0.066115566756377,0.337185384689652,5.950859739953447,0.2811634976089188,1.6235233432895004,48.065015301281534,45.288927063275786,D,C2 — Keel-grounding,221.8,0.2684,0.0208,0.7340993247658463,112.8,16.761,11.12,0.0833,0.134,-8.904256523980012,7.954761408269405,1.277373720138806,2.758848914890336,0.0,0.042,-13.321156565348284,20.28,0.0,0.0,8,0.5474669779794984,0.4525330220205016,Complex,0.3736,48,Complex,40.3,0.298,0.024,0.046,8,1393.2
Postville,Labrador,54.9,-59.78,NIC,8,196.3,0.0,0.0,,,0.0,0.0,0.3535533905932738,0.0,0.0,0.0,3.967485441488583,3.967485441488583,D,C2 — Keel-grounding,173.0,0.439,0.0162,0.6578185993111366,102.2,12.596,11.12,0.0833,0.134,-7.831122843424456,9.476048067212105,2.545158092280835,2.85130627583671,0.0,0.0,-13.428333663940409,19.6,0.13,0.0066,8,0.1603991925595306,0.8396008074404694,Complex,0.2138,15,Peninsula,47.9,0.239,0.028,0.073,8,277.1
Rigolet,Labrador,54.18,-58.44,NIC,8,410.3,11.8,0.03,0.4285714285714285,0.1788690476190476,2.0733333333333293,1.0,0.1738519049412759,0.0,0.1276635253164015,1.58502678071058,3.2397584878683308,0.0,B,C2 — Keel-grounding,282.0,0.3497,0.0258,0.0,31.9,1.777,11.25,0.0952,0.2029,-7.160695539202009,8.591255441308022,5.842294583891822,2.316377585369397,0.0503044128417968,0.0893401937721718,-12.477894210815409,18.9,0.66,0.0347,8,0.4819355887041123,0.5180644112958877,Complex,0.2771,45,Bay,58.6,0.396,0.044,0.249,8,536.7
Ilulissat,West Greenland,69.22,-51.1,CIS/EA,8,150.8,170.6,1.13,0.3571428571428571,0.2750992063492063,24.083333333333336,0.2573059248557611,0.5606886737150963,0.6969192288537513,1.87121793817196,0.91110452951171,3.968069426493209,0.8991196106970745,B,C3 — Geometric anchoring,786.2,0.0517,0.02,0.631578947368421,262.6,5.636,10.25,-0.0714,0.5546,-11.82926330566406,4.592242210172117,3.763654585389257,1.631808635174398,0.1778373718261719,0.6136449985625847,-15.431263987223286,21.25,5.83,0.2744,8,0.7223937504586717,0.2776062495413283,Complex,0.3379,15,Bay,189.5,0.327,0.22,0.45,8,240.1
Sisimiut,West Greenland,66.94,-53.67,CIS/EA,6,100.7,256.3,2.54,-0.0666666666666666,1.0,-40.8,1.0,0.0257217985410241,9.966132419732595,7.113003000021585,4.983066209866298,9.966132419732595,0.0,C,C3 — Geometric anchoring,534.4,0.0641,0.0286,0.5057471264367817,157.5,13.805,10.38,0.0119,0.8946,-10.87447814941406,5.598986799828708,3.841682740903912,1.715655748424946,0.0,1.036011530050322,-14.502634429931618,15.95,1.76,0.1105,6,0.7657928738876375,0.2342071261123625,Concave,0.2867,15,Bay,127.6,0.266,0.077,0.484,6,252.8
Uummannaq,West Greenland,70.68,-52.12,CIS/EA,8,1220.8,927.1,0.76,-0.2545875386086577,0.3828101436598959,-93.23333333333332,0.7515938296293078,2.795038887451184,9.752096674662493,-2.2887306777110403,9.149381326967417,24.34661107178053,5.03059315907848,B,C3 — Geometric anchoring,1467.9,0.0186,0.0052,0.9606741573033708,706.9,2.11,9.5,0.0,1.0,-9.980429077148417,3.918301966041327,3.433631907865877,1.02736470354193,0.1890945434570312,0.3582495322018707,-14.622345352172829,24.29,1.3,0.0534,8,0.8691996109047827,0.1308003890952173,Concave,0.2449,28,Bay,671.0,0.013,0.003,0.942,8,1345.9
Cambridge Bay,Western Arctic,69.12,-105.05,CIS/WA,8,609.7,0.0,0.0,,,0.0,0.0,5.032619264638375e-15,0.0,0.0,0.0,37.25354482641215,37.25354482641215,B,C3 — Geometric anchoring,108.0,0.136,0.1236,0.0012024048096192,50.8,1.014,10.0,0.0,1.0,-22.11075177873884,4.243873424828053,2.540012026926012,2.062003569419592,0.6081161499023438,0.0045257185569144,-29.04584922790525,16.32,0.0,0.0,8,0.5631819962618919,0.4368180037381081,Complex,0.3351,14,Peninsula,46.5,0.245,0.028,0.0,8,687.4
Gjoa Haven,Western Arctic,68.63,-95.85,CIS/WA,8,1324.4,0.0,0.0,,,0.0,0.0,7.692523168707452e-17,0.0,0.0,0.0,42.75805574401734,42.75805574401734,B,C2 — Keel-grounding,115.0,0.2381,0.0471,0.0,45.2,0.948,10.38,0.1548,0.0388,-20.64557320731027,5.464400173164904,0.8602265734185937,2.055185177320387,0.5701065063476562,1.378773053998783e-08,-27.405305608113583,25.5,0.0,0.0,8,0.7540382405244858,0.2459617594755142,Concave,0.2684,15,Bay,23.7,0.395,0.042,0.0,8,1378.4
Kaktovik,Western Arctic,70.13,-143.63,NIC,8,583.6,155.1,0.27,0.0,1.0,-1.7083333333333524,-0.1412416276157158,4.243151622360133,2.210624770886806,0.3206936282842063,-0.569547120711466,8.63892222602935,9.751432500948583,B,C2 — Keel-grounding,171.9,0.2101,0.1971,0.8020804817957843,122.3,4.585,10.0,0.0,1.0,-14.91827765570744,2.477706246078014,0.8795504749676177,2.679411185406576,0.4025115966796875,0.2115,-21.246859614054337,14.36,0.81,0.0562,8,0.8179505970333266,0.1820494029666733,Concave,0.2787,15,Bay,12.8,0.773,0.128,0.0,8,790.2
Kugluktuk,Western Arctic,67.83,-115.1,CIS/WA,8,922.5,0.0,0.0,,,0.0,3.818102388796259e-15,0.0070167893913122,0.0,0.0,2.700062395888381e-13,141.43476561782455,141.4347656165234,B,C2 — Keel-grounding,221.5,0.2202,0.0655,0.2823207601497264,75.6,1.399,10.38,0.1548,0.0388,-18.86037733289928,5.116784177720547,4.260937343808617,2.676762778535172,0.2874993218315972,7.594243037050788e-09,-25.11127891540525,19.54,0.0,0.0,8,0.8742380275899045,0.1257619724100954,Concave,0.2671,15,Peninsula,51.5,0.282,0.054,0.163,8,992.3
Paulatuk,Western Arctic,69.36,-124.08,CIS/WA,8,944.0,0.0,0.0,,,0.0,-0.2219781555319988,1.4514004364774171,10.232766506249163,-3.882406038880269,-10.75463116699115,64.14360883341016,85.21613423546708,B,C2 — Keel-grounding,156.6,0.2636,0.15,0.1291400348634515,55.0,0.834,10.25,0.0714,0.3559,-17.34142456054687,4.633625308983028,2.316400839196829,2.136426134622573,0.3779621124267578,0.0615661433817054,-23.92914937337237,17.08,0.0,0.0,8,0.92310433223278,0.0768956677672201,Convex,0.3199,14,Peninsula,40.5,0.28,0.052,0.002,8,1027.5
Resolute,Western Arctic,74.7,-94.97,CIS/EA,8,897.6,325.0,0.36,-0.0714285714285714,0.9048611111111112,-11.962500000000016,-0.3284932384495743,1.565097159065389,1.3359930936252449,0.0,-2.2678497726725184,24.333561784572723,60.71721665927421,A,C3 — Geometric anchoring,256.0,0.0335,0.0065,0.5427509293680297,102.8,0.886,9.5,0.1429,0.0781,-20.40577774047852,-0.4835047256201506,-0.3645410836954107,1.818355446551436,0.6993885040283203,0.3342993432410102,-25.25898399353025,19.84,5.3,0.2669,8,0.7417614870630511,0.2582385129369489,Complex,0.3432,22,Bay,103.9,0.09,0.014,0.622,8,1295.9
Sachs Harbour,Western Arctic,71.99,-125.26,CIS/WA,8,633.9,164.5,0.26,0.0714285714285714,0.9048611111111112,11.53333333333332,0.0,0.2946042453440037,2.014120081252159,-1.870566,0.0,8.683826173139485,8.863352750665921,A,C2 — Keel-grounding,391.1,0.2327,0.0714,0.0,26.3,1.185,9.88,0.0595,0.31,-19.12927900041853,2.902218712493777,1.666313216134184,1.197371045119147,0.4080429077148438,0.3774669986624422,-25.236929957071915,19.52,2.19,0.1122,8,0.687704816792383,0.3122951832076169,Complex,0.423,18,Complex,36.1,0.474,0.078,0.099,8,892.9
Tuktoyaktuk,Western Arctic,69.45,-133.04,CIS/WA,8,951.4,0.2,0.0,0.3668996928526714,0.2498174418359481,0.0,0.0443138430608508,0.0700350230556936,10.643432791227289,0.7932382312047146,1.2259808896576343,60.92254315297157,60.12718007794209,B,C1 — Bottomfast-dominated,26.2,0.9973,0.1894,0.0629901809423825,18.9,5.502,10.12,0.0595,0.31,-17.63051689995658,5.69907733798027,5.977926282292588,1.528212101564313,0.4925,0.1856,-23.89383163452146,22.22,0.02,0.0007,8,0.4025004942986402,0.5974995057013598,Complex,0.3013,18,Peninsula,3.6,1.0,0.134,0.0,8,1037.7
Ulukhaktok,Western Arctic,70.74,-117.77,CIS/WA,8,424.0,984.2,2.32,-0.0714285714285714,0.9048611111111112,-0.4274999999999977,0.0044489397189387,11.060246468338606,2.526226843025922,-0.3638817648419952,0.0631336518190406,7.937302584214403,8.90506651249422,A,C3 — Geometric anchoring,440.2,0.0506,0.0062,0.015625,50.9,1.024,10.38,0.1548,0.0388,-18.30503845214844,3.974974838085473,2.506362670067552,1.729030899025479,0.3503093719482422,0.8005403190462251,-24.259309514363583,23.58,3.02,0.1282,8,0.735254891815229,0.264745108184771,Complex,0.198,15,Peninsula,182.7,0.1,0.014,0.671,8,711.4
Utqiagvik,Western Arctic,71.29,-156.79,NIC,8,498.0,56.0,0.11,-0.1428571428571428,0.7195436507936508,-5.283333333333331,0.0,0.518650390151557,0.0,-0.0278687821064145,0.0,5.342647403708457,5.7233435854931045,A,C2 — Keel-grounding,274.5,0.2234,0.0406,0.0,42.0,1.312,10.88,-0.0119,0.8461,-14.10221443176269,5.167302483692765,3.060082637845603,2.275297173047159,0.1487655639648438,0.2763031444345359,-20.36998786926268,16.09,0.27,0.0171,8,0.7177763074711566,0.2822236925288434,Complex,0.2179,15,Bay,15.5,0.671,0.114,0.0,8,690.8
Wainwright,Western Arctic,70.64,-159.99,NIC,8,776.0,349.2,0.45,-0.2142857142857142,0.5484126984126985,-42.258333333333326,1.0,0.0,154.9,154.9,77.45,154.9,0.0,A,C2 — Keel-grounding,109.5,0.2086,0.1471,0.0,1.0,2.597,10.12,-0.0357,0.5546,-13.5191463894314,5.385753974318504,1.764927042468624,3.149929861925336,0.0903252495659722,1.008550430776484,-21.46088956197101,20.95,0.6,0.0286,8,0.5583886898352112,0.4416113101647888,Complex,0.3561,15,Complex,26.7,0.431,0.076,0.0,8,1293.8
